{
  "Total Records": 14,
  "LLM Success Rate (%)": 100.0,
  "Fallback Success Rate (%)": 100.0,
  "Average LLM Time (s)": 11.204866647720337,
  "Average Fallback Time (s)": 30.141353932293974
}